Index,group,Product_Title,New Shrimp Title,UPC,brand,claim/raised,attribute,cook-state,meat type,flavor,cut type,marketing,ingredients,ingredients2,Feature Bullets,category,DescPrompt,BulletPrompt
1,1,Kroger® Beer Battered Shrimp 24 oz,Kroger® Beer Battered Shrimp,00011110900234,Kroger,,Beer Battered,,Shrimp,,,"11 g protein per serving.
See nutritional information for cholesterol and sodium content.
Contains a bioengineered food ingredient.
Where awesome meets affordable. Why choose between great taste and great price when you can have both? Kroger Brand products are made to exceed your expectations while fitting your budget.",,"Shrimp, Wheat Flour, Beer (Water, Hops, Rice, Malted Barley, Corn), Soybean Oil, Baking Powder (Sodium Aluminum Phosphate, Sodium Bicarbonate), Salt, Sugar, Palm Oil, Paprika Extract (for Color), Turmeric Extract (for Color) Whey, Sodium Tripolyphosphate.",Made with rich lager beer.,shrimp,"You are a world class marketing copywriter. Using 65 words or less, write a product description for a shrimp product. The product is Kroger® Beer Battered Shrimp. The target consumer is practical. Do not use words above a 8th grade education level. Use 65 words or less. Do not use an introductory sentence, but include the product name in the first sentence. Begin the first sentence with the product name. Do not embellish. Use national brand and other retailer private label product descriptions as reference. Mention suggestions for serving at occasions when possible. Use 4 sentences, the first sentence must begin with the product name. Do not mention ingredients not listed here: Shrimp, Wheat Flour, Beer (Water, Hops, Rice, Malted Barley, Corn), Soybean Oil, Baking Powder (Sodium Aluminum Phosphate, Sodium Bicarbonate), Salt, Sugar, Palm Oil, Paprika Extract (for Color), Turmeric Extract (for Color) Whey, Sodium Tripolyphosphate. Use this marketing message for reference: 11 g protein per serving.
See nutritional information for cholesterol and sodium content.
Contains a bioengineered food ingredient.
Where awesome meets affordable. Why choose between great taste and great price when you can have both? Kroger Brand products are made to exceed your expectations while fitting your budget.","Give me five succinct bullet points (no more than 12 words per bullet point) for Kroger® Beer Battered Shrimp. Use this info for writing the bullets: 11 g protein per serving.
See nutritional information for cholesterol and sodium content.
Contains a bioengineered food ingredient.
Where awesome meets affordable. Why choose between great taste and great price when you can have both? Kroger Brand products are made to exceed your expectations while fitting your budget. Made with rich lager beer.. Don't mention any ingredients not mentioned here: Shrimp, Wheat Flour, Beer (Water, Hops, Rice, Malted Barley, Corn), Soybean Oil, Baking Powder (Sodium Aluminum Phosphate, Sodium Bicarbonate), Salt, Sugar, Palm Oil, Paprika Extract (for Color), Turmeric Extract (for Color) Whey, Sodium Tripolyphosphate."
2,1,Kroger® Shrimp Cocktail 7 oz,Kroger® Cocktail Shrimp,00011110622952,Kroger,,,,Cocktail Shrimp,,,"Contains bioengineered food ingredients.
Ready to eat. Farm raised.",,"Shrimp, Water, Salt, Sodium Tripolyphosphate, (to Retain Moisture), Cocktail Sauce: Water, Prepared Horseradish (Horseradish, Distilled Vinegar, Water, Salt, Soybean Oil), Tomato Paste, Vinegar, Sugar, 2% or Less of the Following: Salt, Lemon Juice, Vegetable Juice (Color), Citric Acid.",,shrimp,"You are a world class marketing copywriter. Using 65 words or less, write a product description for a shrimp product. The product is Kroger® Cocktail Shrimp. The target consumer is practical. Do not use words above a 8th grade education level. Use 65 words or less. Do not use an introductory sentence, but include the product name in the first sentence. Begin the first sentence with the product name. Do not embellish. Use national brand and other retailer private label product descriptions as reference. Mention suggestions for serving at occasions when possible. Use 4 sentences, the first sentence must begin with the product name. Do not mention ingredients not listed here: Shrimp, Water, Salt, Sodium Tripolyphosphate, (to Retain Moisture), Cocktail Sauce: Water, Prepared Horseradish (Horseradish, Distilled Vinegar, Water, Salt, Soybean Oil), Tomato Paste, Vinegar, Sugar, 2% or Less of the Following: Salt, Lemon Juice, Vegetable Juice (Color), Citric Acid. Use this marketing message for reference: Contains bioengineered food ingredients.
Ready to eat. Farm raised.","Give me five succinct bullet points (no more than 12 words per bullet point) for Kroger® Cocktail Shrimp. Use this info for writing the bullets: Contains bioengineered food ingredients.
Ready to eat. Farm raised. . Don't mention any ingredients not mentioned here: Shrimp, Water, Salt, Sodium Tripolyphosphate, (to Retain Moisture), Cocktail Sauce: Water, Prepared Horseradish (Horseradish, Distilled Vinegar, Water, Salt, Soybean Oil), Tomato Paste, Vinegar, Sugar, 2% or Less of the Following: Salt, Lemon Juice, Vegetable Juice (Color), Citric Acid."
3,1,Kroger® Shrimp Cocktail with Cocktail Sauce 17 oz,Kroger® Cocktail Shrimp with Cocktail Sauce,00011110624840,Kroger,,,,Cocktail Shrimp with Cocktail Sauce,,,Ready to eat. Cooked tail on.,,"Shrimp, Water, Salt, Sodium Tripolyphosphate, Cocktail Sauce (Tomato Paste, Water, Sugar, Prepared Horseradish [Horseradish, Water, Vinegar, Salt, Soybean Oil, Artificial Mustard Flavor], Vinegar, Salt, Granulated Onion and Garlic, Potassium Sorbate [Preservative], Sodium Benzoate [Preservative], Xanthan Gum, Horseradish Flavor, Pectinase, Red 40).",,shrimp,"You are a world class marketing copywriter. Using 65 words or less, write a product description for a shrimp product. The product is Kroger® Cocktail Shrimp with Cocktail Sauce. The target consumer is practical. Do not use words above a 8th grade education level. Use 65 words or less. Do not use an introductory sentence, but include the product name in the first sentence. Begin the first sentence with the product name. Do not embellish. Use national brand and other retailer private label product descriptions as reference. Mention suggestions for serving at occasions when possible. Use 4 sentences, the first sentence must begin with the product name. Do not mention ingredients not listed here: Shrimp, Water, Salt, Sodium Tripolyphosphate, Cocktail Sauce (Tomato Paste, Water, Sugar, Prepared Horseradish [Horseradish, Water, Vinegar, Salt, Soybean Oil, Artificial Mustard Flavor], Vinegar, Salt, Granulated Onion and Garlic, Potassium Sorbate [Preservative], Sodium Benzoate [Preservative], Xanthan Gum, Horseradish Flavor, Pectinase, Red 40). Use this marketing message for reference: Ready to eat. Cooked tail on.","Give me five succinct bullet points (no more than 12 words per bullet point) for Kroger® Cocktail Shrimp with Cocktail Sauce. Use this info for writing the bullets: Ready to eat. Cooked tail on. . Don't mention any ingredients not mentioned here: Shrimp, Water, Salt, Sodium Tripolyphosphate, Cocktail Sauce (Tomato Paste, Water, Sugar, Prepared Horseradish [Horseradish, Water, Vinegar, Salt, Soybean Oil, Artificial Mustard Flavor], Vinegar, Salt, Granulated Onion and Garlic, Potassium Sorbate [Preservative], Sodium Benzoate [Preservative], Xanthan Gum, Horseradish Flavor, Pectinase, Red 40)."
4,1,Kroger® Cocktail Shrimp with Sauce 20 ea,Kroger® Cocktail Shrimp with Sauce,00011110965646,Kroger,,,,Cocktail Shrimp with Sauce,,,Cooked in shell to seal in flavor. Farm Raised. Peeled & deveined.,,"Cooked Shrimp, Salt. Cocktail Sauce: Tomato Paste, Water, Sugar, Prepared Horseradish (Horseradish, Water, Vinegar, Salt, Soybean Oil, Artificial Mustard Flavor), Vinegar, Salt, Granulated Onion and Garlic, Potassium Sorbate (Preservative), Sodium Benzoate (Preservative), Xanthan Gum, Horseradish Flavor, Pectinase, Red 40.",,shrimp,"You are a world class marketing copywriter. Using 65 words or less, write a product description for a shrimp product. The product is Kroger® Cocktail Shrimp with Sauce. The target consumer is practical. Do not use words above a 8th grade education level. Use 65 words or less. Do not use an introductory sentence, but include the product name in the first sentence. Begin the first sentence with the product name. Do not embellish. Use national brand and other retailer private label product descriptions as reference. Mention suggestions for serving at occasions when possible. Use 4 sentences, the first sentence must begin with the product name. Do not mention ingredients not listed here: Cooked Shrimp, Salt. Cocktail Sauce: Tomato Paste, Water, Sugar, Prepared Horseradish (Horseradish, Water, Vinegar, Salt, Soybean Oil, Artificial Mustard Flavor), Vinegar, Salt, Granulated Onion and Garlic, Potassium Sorbate (Preservative), Sodium Benzoate (Preservative), Xanthan Gum, Horseradish Flavor, Pectinase, Red 40. Use this marketing message for reference: Cooked in shell to seal in flavor. Farm Raised. Peeled & deveined.","Give me five succinct bullet points (no more than 12 words per bullet point) for Kroger® Cocktail Shrimp with Sauce. Use this info for writing the bullets: Cooked in shell to seal in flavor. Farm Raised. Peeled & deveined. . Don't mention any ingredients not mentioned here: Cooked Shrimp, Salt. Cocktail Sauce: Tomato Paste, Water, Sugar, Prepared Horseradish (Horseradish, Water, Vinegar, Salt, Soybean Oil, Artificial Mustard Flavor), Vinegar, Salt, Granulated Onion and Garlic, Potassium Sorbate (Preservative), Sodium Benzoate (Preservative), Xanthan Gum, Horseradish Flavor, Pectinase, Red 40."
5,1,Kroger® Cocktail Shrimp with Sauce 25.2 oz,Kroger® Cocktail Shrimp with Sauce,00011110988041,Kroger,,,,Cocktail Shrimp with Sauce,,,"60 count.
Peeled & deveined. Cooked in shell to seal flavor. Do not refreeze. The shrimp used in this product are farm-raised, harvested at the peak of freshness. The shrimp are cooked in their shells allowing them to maintain their distinct coloring and natural flavor. The vein is removed without cutting the meat to ensure a savory bite and great meaty texture. A generous serving of seafood cocktail sauce is included for your convenience.",,"Cooked Shrimp, Salt, Cocktail Sauce: Tomato Paste, Water, Sugar, Prepared Horseradish (Horseradish, Water, Vinegar, Salt, Soybean Oil, Artificial Mustard Flavor), Vinegar, Salt, Granulated Onion and Garlic, Potassium Sorbate (Preservative), Sodium Benzoate (Preservative), Xanthan Gum, Horseradish Flavor, Pectinase, Red 40.",,shrimp,"You are a world class marketing copywriter. Using 65 words or less, write a product description for a shrimp product. The product is Kroger® Cocktail Shrimp with Sauce. The target consumer is practical. Do not use words above a 8th grade education level. Use 65 words or less. Do not use an introductory sentence, but include the product name in the first sentence. Begin the first sentence with the product name. Do not embellish. Use national brand and other retailer private label product descriptions as reference. Mention suggestions for serving at occasions when possible. Use 4 sentences, the first sentence must begin with the product name. Do not mention ingredients not listed here: Cooked Shrimp, Salt, Cocktail Sauce: Tomato Paste, Water, Sugar, Prepared Horseradish (Horseradish, Water, Vinegar, Salt, Soybean Oil, Artificial Mustard Flavor), Vinegar, Salt, Granulated Onion and Garlic, Potassium Sorbate (Preservative), Sodium Benzoate (Preservative), Xanthan Gum, Horseradish Flavor, Pectinase, Red 40. Use this marketing message for reference: 60 count.
Peeled & deveined. Cooked in shell to seal flavor. Do not refreeze. The shrimp used in this product are farm-raised, harvested at the peak of freshness. The shrimp are cooked in their shells allowing them to maintain their distinct coloring and natural flavor. The vein is removed without cutting the meat to ensure a savory bite and great meaty texture. A generous serving of seafood cocktail sauce is included for your convenience.","Give me five succinct bullet points (no more than 12 words per bullet point) for Kroger® Cocktail Shrimp with Sauce. Use this info for writing the bullets: 60 count.
Peeled & deveined. Cooked in shell to seal flavor. Do not refreeze. The shrimp used in this product are farm-raised, harvested at the peak of freshness. The shrimp are cooked in their shells allowing them to maintain their distinct coloring and natural flavor. The vein is removed without cutting the meat to ensure a savory bite and great meaty texture. A generous serving of seafood cocktail sauce is included for your convenience. . Don't mention any ingredients not mentioned here: Cooked Shrimp, Salt, Cocktail Sauce: Tomato Paste, Water, Sugar, Prepared Horseradish (Horseradish, Water, Vinegar, Salt, Soybean Oil, Artificial Mustard Flavor), Vinegar, Salt, Granulated Onion and Garlic, Potassium Sorbate (Preservative), Sodium Benzoate (Preservative), Xanthan Gum, Horseradish Flavor, Pectinase, Red 40."
6,1,Kroger® Cocktail Shrimp with Sauce 40 ea,Kroger® Cocktail Shrimp with Sauce,00011110964021,Kroger,,,,Cocktail Shrimp with Sauce,,,"Cooked in shell to seal a flavor. Peeled & deveined. Farm raised. The shrimp used in this product are farm-raised, harvested at the peak of freshness. The shrimp are cooked in their shells allowing them to maintain their distinct coloring and natural flavor. The vein is removed without cutting the meat to ensure a savory bite and great meaty texture. A generous serving of seafood cocktail sauce is included for your convenience.",,"Cooked Shrimp, Salt, Cocktail Sauce: Tomato Paste, Water, Sugar, Prepared Horseradish (Horseradish, Water, Vinegar, Salt, Soybean Oil, Artificial Mustard Flavor), Vinegar, Salt, Granulated Onion and Garlic, Potassium Sorbate (Preservative), Sodium Benzoate (Preservative), Xanthan Gum, Horseradish Flavor, Pectinase, Red 40.",,shrimp,"You are a world class marketing copywriter. Using 65 words or less, write a product description for a shrimp product. The product is Kroger® Cocktail Shrimp with Sauce. The target consumer is practical. Do not use words above a 8th grade education level. Use 65 words or less. Do not use an introductory sentence, but include the product name in the first sentence. Begin the first sentence with the product name. Do not embellish. Use national brand and other retailer private label product descriptions as reference. Mention suggestions for serving at occasions when possible. Use 4 sentences, the first sentence must begin with the product name. Do not mention ingredients not listed here: Cooked Shrimp, Salt, Cocktail Sauce: Tomato Paste, Water, Sugar, Prepared Horseradish (Horseradish, Water, Vinegar, Salt, Soybean Oil, Artificial Mustard Flavor), Vinegar, Salt, Granulated Onion and Garlic, Potassium Sorbate (Preservative), Sodium Benzoate (Preservative), Xanthan Gum, Horseradish Flavor, Pectinase, Red 40. Use this marketing message for reference: Cooked in shell to seal a flavor. Peeled & deveined. Farm raised. The shrimp used in this product are farm-raised, harvested at the peak of freshness. The shrimp are cooked in their shells allowing them to maintain their distinct coloring and natural flavor. The vein is removed without cutting the meat to ensure a savory bite and great meaty texture. A generous serving of seafood cocktail sauce is included for your convenience.","Give me five succinct bullet points (no more than 12 words per bullet point) for Kroger® Cocktail Shrimp with Sauce. Use this info for writing the bullets: Cooked in shell to seal a flavor. Peeled & deveined. Farm raised. The shrimp used in this product are farm-raised, harvested at the peak of freshness. The shrimp are cooked in their shells allowing them to maintain their distinct coloring and natural flavor. The vein is removed without cutting the meat to ensure a savory bite and great meaty texture. A generous serving of seafood cocktail sauce is included for your convenience. . Don't mention any ingredients not mentioned here: Cooked Shrimp, Salt, Cocktail Sauce: Tomato Paste, Water, Sugar, Prepared Horseradish (Horseradish, Water, Vinegar, Salt, Soybean Oil, Artificial Mustard Flavor), Vinegar, Salt, Granulated Onion and Garlic, Potassium Sorbate (Preservative), Sodium Benzoate (Preservative), Xanthan Gum, Horseradish Flavor, Pectinase, Red 40."
7,1,Kroger® Crunchy Butterfly Shrimp 32 oz. Bag,Kroger® Crunchy Butterfly Shrimp,00011110963710,Kroger,,Crunchy Butterfly,,Shrimp,,,0,,"Shrimp, Wheat Flour, Soybean Oil, Water, Modified Corn Starch, Modified Tapioca Starch, Corn Flour, Salt, Sugar, Yeast, Sodium Acid Pyrophosphate, Sodium Bicarbonate, Spices, Xanthan Gum, Cellulose Gum, Sunflower Oil, Sodium Tripolyphosphate (to Retain Moisture).","Great for Surf & Turf,10 Servings,Resealable to Lock in Freshness",shrimp,"You are a world class marketing copywriter. Using 65 words or less, write a product description for a shrimp product. The product is Kroger® Crunchy Butterfly Shrimp. The target consumer is practical. Do not use words above a 8th grade education level. Use 65 words or less. Do not use an introductory sentence, but include the product name in the first sentence. Begin the first sentence with the product name. Do not embellish. Use national brand and other retailer private label product descriptions as reference. Mention suggestions for serving at occasions when possible. Use 4 sentences, the first sentence must begin with the product name. Do not mention ingredients not listed here: Shrimp, Wheat Flour, Soybean Oil, Water, Modified Corn Starch, Modified Tapioca Starch, Corn Flour, Salt, Sugar, Yeast, Sodium Acid Pyrophosphate, Sodium Bicarbonate, Spices, Xanthan Gum, Cellulose Gum, Sunflower Oil, Sodium Tripolyphosphate (to Retain Moisture).","Give me five succinct bullet points (no more than 12 words per bullet point) for Kroger® Crunchy Butterfly Shrimp. Use this info for writing the bullets: 0 Great for Surf & Turf,10 Servings,Resealable to Lock in Freshness. Don't mention any ingredients not mentioned here: Shrimp, Wheat Flour, Soybean Oil, Water, Modified Corn Starch, Modified Tapioca Starch, Corn Flour, Salt, Sugar, Yeast, Sodium Acid Pyrophosphate, Sodium Bicarbonate, Spices, Xanthan Gum, Cellulose Gum, Sunflower Oil, Sodium Tripolyphosphate (to Retain Moisture)."
8,1,Kroger® Crunchy Coconut Shrimp with a Sweet Chili Sauce 10 oz. Box,Kroger® Crunchy Coconut Shrimp with Sweet Chili Sauce,00011110963666,Kroger,,Crunchy Coconut,,Shrimp with Sweet Chili Sauce,,,Includes 2 oz. of Sauce,,"Coconut Shrimp—Shrimp, Coconut Flake, Wheat Flour, Soybean Oil, Water, Modified Tapioca Starch, Wheat Starch, Modified Corn Starch, Salt, Sugar, Dextrose, Yeast, Leavening (Sodium Acid Pyrophosphate, Sodium Bicarbonate), Artificial Flavor, Sunflower Oil, Sodium Tripolyphosphate (to Retain Moisture). Sauce—Sugar, Water, Vinegar, Garlic, Chili, Salt, Modified Corn Starch, Xanthan Gum, Spice.",Perfect as an Appetizer,shrimp,"You are a world class marketing copywriter. Using 65 words or less, write a product description for a shrimp product. The product is Kroger® Crunchy Coconut Shrimp with Sweet Chili Sauce. The target consumer is practical. Do not use words above a 8th grade education level. Use 65 words or less. Do not use an introductory sentence, but include the product name in the first sentence. Begin the first sentence with the product name. Do not embellish. Use national brand and other retailer private label product descriptions as reference. Mention suggestions for serving at occasions when possible. Use 4 sentences, the first sentence must begin with the product name. Do not mention ingredients not listed here: Coconut Shrimp—Shrimp, Coconut Flake, Wheat Flour, Soybean Oil, Water, Modified Tapioca Starch, Wheat Starch, Modified Corn Starch, Salt, Sugar, Dextrose, Yeast, Leavening (Sodium Acid Pyrophosphate, Sodium Bicarbonate), Artificial Flavor, Sunflower Oil, Sodium Tripolyphosphate (to Retain Moisture). Sauce—Sugar, Water, Vinegar, Garlic, Chili, Salt, Modified Corn Starch, Xanthan Gum, Spice. Use this marketing message for reference: Includes 2 oz. of Sauce","Give me five succinct bullet points (no more than 12 words per bullet point) for Kroger® Crunchy Coconut Shrimp with Sweet Chili Sauce. Use this info for writing the bullets: Includes 2 oz. of Sauce Perfect as an Appetizer. Don't mention any ingredients not mentioned here: Coconut Shrimp—Shrimp, Coconut Flake, Wheat Flour, Soybean Oil, Water, Modified Tapioca Starch, Wheat Starch, Modified Corn Starch, Salt, Sugar, Dextrose, Yeast, Leavening (Sodium Acid Pyrophosphate, Sodium Bicarbonate), Artificial Flavor, Sunflower Oil, Sodium Tripolyphosphate (to Retain Moisture). Sauce—Sugar, Water, Vinegar, Garlic, Chili, Salt, Modified Corn Starch, Xanthan Gum, Spice."
9,1,Kroger® Spicy Crunchy Nashville Style Hot Shrimp 12 oz,Kroger® Crunchy Nashville Style Shrimp Spicy,00011110183293,Kroger,,Crunchy Nashville Style,,Shrimp,Spicy,,"Hot shrimp with a spicy Nashville style sauce.
Contains bioengineered food ingredients.
Spicy change of pace. Where Awesome Meets Affordable: Why choose between great taste and great price when you can have both? Kroger Brand products are made to exceed your expectations while fitting your budget.",,"Shrimp, Unbleached Wheat Flour, Vegetable Oil (Contains One or More of the Following: Soybean, Corn and/or Cottonseed Oil), Water, Contains 2% or Less of: Tapioca Starch, Salt, Garlic Powder, Onion Powder, Sodium Tripolyphosphate (to Retain Moisture), Corn Starch, Spice, Sugar, Yeast, Malic Acid, Citric Acid, Calcium Chloride, Xanthan Gum, Sodium Bisulfite (as a Preservative). Nashville Hot Sauce: Water, Refined Soybean Oil, Liquid Shortening (Soybean Oil, Hydrogenated Soybean Oil, TBHQ, Citric Acid), Corn Syrup, Paprika, Distilled Vinegar, Spices, Salt, Brown Sugar, Garlic Powder, Soy Lecithin, Oleoresin Paprika, Lemon Juice Concentrate, Yeast Extract, Polysorbate 60, Xanthan Gum, Tocopherol and Natural Flavor.",,shrimp,"You are a world class marketing copywriter. Using 65 words or less, write a product description for a shrimp product. The product is Kroger® Crunchy Nashville Style Shrimp Spicy. The target consumer is practical. Do not use words above a 8th grade education level. Use 65 words or less. Do not use an introductory sentence, but include the product name in the first sentence. Begin the first sentence with the product name. Do not embellish. Use national brand and other retailer private label product descriptions as reference. Mention suggestions for serving at occasions when possible. Use 4 sentences, the first sentence must begin with the product name. Do not mention ingredients not listed here: Shrimp, Unbleached Wheat Flour, Vegetable Oil (Contains One or More of the Following: Soybean, Corn and/or Cottonseed Oil), Water, Contains 2% or Less of: Tapioca Starch, Salt, Garlic Powder, Onion Powder, Sodium Tripolyphosphate (to Retain Moisture), Corn Starch, Spice, Sugar, Yeast, Malic Acid, Citric Acid, Calcium Chloride, Xanthan Gum, Sodium Bisulfite (as a Preservative). Nashville Hot Sauce: Water, Refined Soybean Oil, Liquid Shortening (Soybean Oil, Hydrogenated Soybean Oil, TBHQ, Citric Acid), Corn Syrup, Paprika, Distilled Vinegar, Spices, Salt, Brown Sugar, Garlic Powder, Soy Lecithin, Oleoresin Paprika, Lemon Juice Concentrate, Yeast Extract, Polysorbate 60, Xanthan Gum, Tocopherol and Natural Flavor. Use this marketing message for reference: Hot shrimp with a spicy Nashville style sauce.
Contains bioengineered food ingredients.
Spicy change of pace. Where Awesome Meets Affordable: Why choose between great taste and great price when you can have both? Kroger Brand products are made to exceed your expectations while fitting your budget.","Give me five succinct bullet points (no more than 12 words per bullet point) for Kroger® Crunchy Nashville Style Shrimp Spicy. Use this info for writing the bullets: Hot shrimp with a spicy Nashville style sauce.
Contains bioengineered food ingredients.
Spicy change of pace. Where Awesome Meets Affordable: Why choose between great taste and great price when you can have both? Kroger Brand products are made to exceed your expectations while fitting your budget. . Don't mention any ingredients not mentioned here: Shrimp, Unbleached Wheat Flour, Vegetable Oil (Contains One or More of the Following: Soybean, Corn and/or Cottonseed Oil), Water, Contains 2% or Less of: Tapioca Starch, Salt, Garlic Powder, Onion Powder, Sodium Tripolyphosphate (to Retain Moisture), Corn Starch, Spice, Sugar, Yeast, Malic Acid, Citric Acid, Calcium Chloride, Xanthan Gum, Sodium Bisulfite (as a Preservative). Nashville Hot Sauce: Water, Refined Soybean Oil, Liquid Shortening (Soybean Oil, Hydrogenated Soybean Oil, TBHQ, Citric Acid), Corn Syrup, Paprika, Distilled Vinegar, Spices, Salt, Brown Sugar, Garlic Powder, Soy Lecithin, Oleoresin Paprika, Lemon Juice Concentrate, Yeast Extract, Polysorbate 60, Xanthan Gum, Tocopherol and Natural Flavor."
10,1,Kroger® Extra Large Tail-On Peeled & Deveined Cooked Shrimp 16 oz. Bag,Kroger® Extra Large Peeled & Deveined Cooked Shrimp Tail-On,00011110963970,Kroger,,Extra Large Peeled & Deveined,Cooked,Shrimp,,Tail-On,0,,"Shrimp, Salt, Sodium Tripolyphosphate (to Retain Moisture).",Resealable to Lock in Freshness,shrimp,"You are a world class marketing copywriter. Using 65 words or less, write a product description for a shrimp product. The product is Kroger® Extra Large Peeled & Deveined Cooked Shrimp Tail-On. The target consumer is practical. Do not use words above a 8th grade education level. Use 65 words or less. Do not use an introductory sentence, but include the product name in the first sentence. Begin the first sentence with the product name. Do not embellish. Use national brand and other retailer private label product descriptions as reference. Mention suggestions for serving at occasions when possible. Use 4 sentences, the first sentence must begin with the product name. Do not mention ingredients not listed here: Shrimp, Salt, Sodium Tripolyphosphate (to Retain Moisture).","Give me five succinct bullet points (no more than 12 words per bullet point) for Kroger® Extra Large Peeled & Deveined Cooked Shrimp Tail-On. Use this info for writing the bullets: 0 Resealable to Lock in Freshness. Don't mention any ingredients not mentioned here: Shrimp, Salt, Sodium Tripolyphosphate (to Retain Moisture)."
11,1,Kroger® Extra Large Shell-On Raw Shrimp 16 oz. Bag,Kroger® Extra Large Raw Shrimp Shell-On,00011110966025,Kroger,,Extra Large,Raw,Shrimp,,Shell-On,0,,"Shrimp, Salt, Sodium Tripolyphosphate (to Retain Moisture).",,shrimp,"You are a world class marketing copywriter. Using 65 words or less, write a product description for a shrimp product. The product is Kroger® Extra Large Raw Shrimp Shell-On. The target consumer is practical. Do not use words above a 8th grade education level. Use 65 words or less. Do not use an introductory sentence, but include the product name in the first sentence. Begin the first sentence with the product name. Do not embellish. Use national brand and other retailer private label product descriptions as reference. Mention suggestions for serving at occasions when possible. Use 4 sentences, the first sentence must begin with the product name. Do not mention ingredients not listed here: Shrimp, Salt, Sodium Tripolyphosphate (to Retain Moisture).","Give me five succinct bullet points (no more than 12 words per bullet point) for Kroger® Extra Large Raw Shrimp Shell-On. Use this info for writing the bullets: 0 . Don't mention any ingredients not mentioned here: Shrimp, Salt, Sodium Tripolyphosphate (to Retain Moisture)."
12,1,Kroger® Farm Raised Butter Shrimp Scampi 6 oz,Kroger® Farm Raised Butter Shrimp Scampi,00011110623119,Kroger,Farm Raised,,,Butter Shrimp Scampi,,,0,,"Shrimp Butter (Pasteurized Cream, Lactic Acid), Parmesan Cheese (Pasteurized Cow's Milk, Cheese Culture, Salt, Enzymes, Powdered Cellulose [Anti-Caking Agent]), Roasted Garlic (Garlic, Citric Acid, Parsley, Onion Salt, Oregano, Basil, Chives, Cultured Skim Milk, Garlic Salt, Black Pepper.",,shrimp,"You are a world class marketing copywriter. Using 65 words or less, write a product description for a shrimp product. The product is Kroger® Farm Raised Butter Shrimp Scampi. The target consumer is practical. Do not use words above a 8th grade education level. Use 65 words or less. Do not use an introductory sentence, but include the product name in the first sentence. Begin the first sentence with the product name. Do not embellish. Use national brand and other retailer private label product descriptions as reference. Mention suggestions for serving at occasions when possible. Use 4 sentences, the first sentence must begin with the product name. Do not mention ingredients not listed here: Shrimp Butter (Pasteurized Cream, Lactic Acid), Parmesan Cheese (Pasteurized Cow's Milk, Cheese Culture, Salt, Enzymes, Powdered Cellulose [Anti-Caking Agent]), Roasted Garlic (Garlic, Citric Acid, Parsley, Onion Salt, Oregano, Basil, Chives, Cultured Skim Milk, Garlic Salt, Black Pepper.","Give me five succinct bullet points (no more than 12 words per bullet point) for Kroger® Farm Raised Butter Shrimp Scampi. Use this info for writing the bullets: 0 . Don't mention any ingredients not mentioned here: Shrimp Butter (Pasteurized Cream, Lactic Acid), Parmesan Cheese (Pasteurized Cow's Milk, Cheese Culture, Salt, Enzymes, Powdered Cellulose [Anti-Caking Agent]), Roasted Garlic (Garlic, Citric Acid, Parsley, Onion Salt, Oregano, Basil, Chives, Cultured Skim Milk, Garlic Salt, Black Pepper."
13,1,Kroger® Farm Raised Hatch Chile Shrimp 8 oz,Kroger® Farm Raised Hatch Chile Shrimp,00011110624284,Kroger,Farm Raised,,,Hatch Chile Shrimp,,,Sustainably sourced. ,,"Shrimp Salt, Sugar, Green Chile Pepper, Onion Powder, Yeast Extract, Garlic Powder, Dehydrated Green Bell Pepper, Tomato Powder, Spices, Maltodextrin Jalapeno Pepper, Syrup Solids, Vinegar, Dehydrated Parsley Soybean Oil (as Processing Aid), Citric Acid, Natural Flavors, Lime Juice Solids Natural Smoke Flavor, Not More than 2% Silicon Dioxide (to Prevent Caking).",,shrimp,"You are a world class marketing copywriter. Using 65 words or less, write a product description for a shrimp product. The product is Kroger® Farm Raised Hatch Chile Shrimp. The target consumer is practical. Do not use words above a 8th grade education level. Use 65 words or less. Do not use an introductory sentence, but include the product name in the first sentence. Begin the first sentence with the product name. Do not embellish. Use national brand and other retailer private label product descriptions as reference. Mention suggestions for serving at occasions when possible. Use 4 sentences, the first sentence must begin with the product name. Do not mention ingredients not listed here: Shrimp Salt, Sugar, Green Chile Pepper, Onion Powder, Yeast Extract, Garlic Powder, Dehydrated Green Bell Pepper, Tomato Powder, Spices, Maltodextrin Jalapeno Pepper, Syrup Solids, Vinegar, Dehydrated Parsley Soybean Oil (as Processing Aid), Citric Acid, Natural Flavors, Lime Juice Solids Natural Smoke Flavor, Not More than 2% Silicon Dioxide (to Prevent Caking). Use this marketing message for reference: Sustainably sourced. ","Give me five succinct bullet points (no more than 12 words per bullet point) for Kroger® Farm Raised Hatch Chile Shrimp. Use this info for writing the bullets: Sustainably sourced.  . Don't mention any ingredients not mentioned here: Shrimp Salt, Sugar, Green Chile Pepper, Onion Powder, Yeast Extract, Garlic Powder, Dehydrated Green Bell Pepper, Tomato Powder, Spices, Maltodextrin Jalapeno Pepper, Syrup Solids, Vinegar, Dehydrated Parsley Soybean Oil (as Processing Aid), Citric Acid, Natural Flavors, Lime Juice Solids Natural Smoke Flavor, Not More than 2% Silicon Dioxide (to Prevent Caking)."
14,1,Kroger® Crunchy Jumbo Butterfly Shrimp 9 oz. Box,Kroger® Jumbo Crunchy Butterfly Shrimp,00011110963536,Kroger,,Jumbo Crunchy,,Butterfly Shrimp,,,0,,"Shrimp, Wheat Flour, Soybean Oil, Water, Modified Corn Starch, Modified Tapioca Starch, Corn Flour, Salt, Sugar, Yeast, Sodium Acid Pyrophosphate, Sodium Bicarbonate, Spices, Xanthan Gum, Cellulose Gum, Sunflower Oil, Sodium Tripolyphosphate (to Retain Moisture).",Great for Surf & Turf,shrimp,"You are a world class marketing copywriter. Using 65 words or less, write a product description for a shrimp product. The product is Kroger® Jumbo Crunchy Butterfly Shrimp. The target consumer is practical. Do not use words above a 8th grade education level. Use 65 words or less. Do not use an introductory sentence, but include the product name in the first sentence. Begin the first sentence with the product name. Do not embellish. Use national brand and other retailer private label product descriptions as reference. Mention suggestions for serving at occasions when possible. Use 4 sentences, the first sentence must begin with the product name. Do not mention ingredients not listed here: Shrimp, Wheat Flour, Soybean Oil, Water, Modified Corn Starch, Modified Tapioca Starch, Corn Flour, Salt, Sugar, Yeast, Sodium Acid Pyrophosphate, Sodium Bicarbonate, Spices, Xanthan Gum, Cellulose Gum, Sunflower Oil, Sodium Tripolyphosphate (to Retain Moisture).","Give me five succinct bullet points (no more than 12 words per bullet point) for Kroger® Jumbo Crunchy Butterfly Shrimp. Use this info for writing the bullets: 0 Great for Surf & Turf. Don't mention any ingredients not mentioned here: Shrimp, Wheat Flour, Soybean Oil, Water, Modified Corn Starch, Modified Tapioca Starch, Corn Flour, Salt, Sugar, Yeast, Sodium Acid Pyrophosphate, Sodium Bicarbonate, Spices, Xanthan Gum, Cellulose Gum, Sunflower Oil, Sodium Tripolyphosphate (to Retain Moisture)."
15,1,Kroger® Tail-On Peeled & Deveined Jumbo Cooked Shrimp 16 oz. Bag,Kroger® Jumbo Peeled & Deveined Cooked Shrimp Tail-On,00011110963444,Kroger,,Jumbo Peeled & Deveined,Cooked,Shrimp,,Tail-On,0,,"Shrimp, Salt, Sodium Tripolyphosphate (to Retain Moisture).",,shrimp,"You are a world class marketing copywriter. Using 65 words or less, write a product description for a shrimp product. The product is Kroger® Jumbo Peeled & Deveined Cooked Shrimp Tail-On. The target consumer is practical. Do not use words above a 8th grade education level. Use 65 words or less. Do not use an introductory sentence, but include the product name in the first sentence. Begin the first sentence with the product name. Do not embellish. Use national brand and other retailer private label product descriptions as reference. Mention suggestions for serving at occasions when possible. Use 4 sentences, the first sentence must begin with the product name. Do not mention ingredients not listed here: Shrimp, Salt, Sodium Tripolyphosphate (to Retain Moisture).","Give me five succinct bullet points (no more than 12 words per bullet point) for Kroger® Jumbo Peeled & Deveined Cooked Shrimp Tail-On. Use this info for writing the bullets: 0 . Don't mention any ingredients not mentioned here: Shrimp, Salt, Sodium Tripolyphosphate (to Retain Moisture)."
16,2,Kroger® Jumbo Shell-On Raw Shrimp 16 oz. Bag,Kroger® Jumbo Raw Shrimp Shell-On,00011110963451,Kroger,,Jumbo,Raw,Shrimp,,Shell-On,0,,"Shrimp, Salt, Sodium Tripolyphosphate (to Retain Moisture).",Easy Peel,shrimp,"You are a world class marketing copywriter. Using 65 words or less, write a product description for a shrimp product. The product is Kroger® Jumbo Raw Shrimp Shell-On. The target consumer is practical. Do not use words above a 8th grade education level. Use 65 words or less. Do not use an introductory sentence, but include the product name in the first sentence. Begin the first sentence with the product name. Do not embellish. Use national brand and other retailer private label product descriptions as reference. Mention suggestions for serving at occasions when possible. Use 4 sentences, the first sentence must begin with the product name. Do not mention ingredients not listed here: Shrimp, Salt, Sodium Tripolyphosphate (to Retain Moisture).","Give me five succinct bullet points (no more than 12 words per bullet point) for Kroger® Jumbo Raw Shrimp Shell-On. Use this info for writing the bullets: 0 Easy Peel. Don't mention any ingredients not mentioned here: Shrimp, Salt, Sodium Tripolyphosphate (to Retain Moisture)."
17,2,Kroger® Large Tail-Off Peeled & Deveined Cooked Shrimp 12 oz. Bag,Kroger® Large Peeled & Deveined Cooked Shrimp Tail-Off,00011110963871,Kroger,,Large Peeled & Deveined,Cooked,Shrimp,,Tail-Off,0,,"Shrimp, Salt, Sodium Tripolyphosphate (to Retain Moisture).",,shrimp,"You are a world class marketing copywriter. Using 65 words or less, write a product description for a shrimp product. The product is Kroger® Large Peeled & Deveined Cooked Shrimp Tail-Off. The target consumer is practical. Do not use words above a 8th grade education level. Use 65 words or less. Do not use an introductory sentence, but include the product name in the first sentence. Begin the first sentence with the product name. Do not embellish. Use national brand and other retailer private label product descriptions as reference. Mention suggestions for serving at occasions when possible. Use 4 sentences, the first sentence must begin with the product name. Do not mention ingredients not listed here: Shrimp, Salt, Sodium Tripolyphosphate (to Retain Moisture).","Give me five succinct bullet points (no more than 12 words per bullet point) for Kroger® Large Peeled & Deveined Cooked Shrimp Tail-Off. Use this info for writing the bullets: 0 . Don't mention any ingredients not mentioned here: Shrimp, Salt, Sodium Tripolyphosphate (to Retain Moisture)."
18,2,Kroger® Large Tail-Off Peeled & Deveined Raw Shrimp 10 oz. Bag,Kroger® Large Peeled & Deveined Raw Shrimp Tail-Off,00011110964397,Kroger,,Large Peeled & Deveined,Raw,Shrimp,,Tail-Off,0,,"Shrimp, Sodium Tripolyphosphate (to Retain Moisture).",,shrimp,"You are a world class marketing copywriter. Using 65 words or less, write a product description for a shrimp product. The product is Kroger® Large Peeled & Deveined Raw Shrimp Tail-Off. The target consumer is practical. Do not use words above a 8th grade education level. Use 65 words or less. Do not use an introductory sentence, but include the product name in the first sentence. Begin the first sentence with the product name. Do not embellish. Use national brand and other retailer private label product descriptions as reference. Mention suggestions for serving at occasions when possible. Use 4 sentences, the first sentence must begin with the product name. Do not mention ingredients not listed here: Shrimp, Sodium Tripolyphosphate (to Retain Moisture).","Give me five succinct bullet points (no more than 12 words per bullet point) for Kroger® Large Peeled & Deveined Raw Shrimp Tail-Off. Use this info for writing the bullets: 0 . Don't mention any ingredients not mentioned here: Shrimp, Sodium Tripolyphosphate (to Retain Moisture)."
19,2,Kroger® Large Tail-Off Peeled & Deveined Raw Shrimp 16 oz. Bag,Kroger® Large Peeled & Deveined Raw Shrimp Tail-Off,00011110962201,Kroger,,Large Peeled & Deveined,Raw,Shrimp,,Tail-Off,0,,"Shrimp, Water, Salt, Sodium Tripolyphosphate (to Retain Moisture).",Resealable to Lock in Freshness,shrimp,"You are a world class marketing copywriter. Using 65 words or less, write a product description for a shrimp product. The product is Kroger® Large Peeled & Deveined Raw Shrimp Tail-Off. The target consumer is practical. Do not use words above a 8th grade education level. Use 65 words or less. Do not use an introductory sentence, but include the product name in the first sentence. Begin the first sentence with the product name. Do not embellish. Use national brand and other retailer private label product descriptions as reference. Mention suggestions for serving at occasions when possible. Use 4 sentences, the first sentence must begin with the product name. Do not mention ingredients not listed here: Shrimp, Water, Salt, Sodium Tripolyphosphate (to Retain Moisture).","Give me five succinct bullet points (no more than 12 words per bullet point) for Kroger® Large Peeled & Deveined Raw Shrimp Tail-Off. Use this info for writing the bullets: 0 Resealable to Lock in Freshness. Don't mention any ingredients not mentioned here: Shrimp, Water, Salt, Sodium Tripolyphosphate (to Retain Moisture)."
20,2,Kroger® Large Shell-On Raw Shrimp 16 oz. Bag,Kroger® Large Raw Shrimp Shell-On,00011110965615,Kroger,,Large,Raw,Shrimp,,Shell-On,0,,"Shrimp, Salt, Sodium Tripolyphosphate (to Retain Moisture).",Easy Peel,shrimp,"You are a world class marketing copywriter. Using 65 words or less, write a product description for a shrimp product. The product is Kroger® Large Raw Shrimp Shell-On. The target consumer is practical. Do not use words above a 8th grade education level. Use 65 words or less. Do not use an introductory sentence, but include the product name in the first sentence. Begin the first sentence with the product name. Do not embellish. Use national brand and other retailer private label product descriptions as reference. Mention suggestions for serving at occasions when possible. Use 4 sentences, the first sentence must begin with the product name. Do not mention ingredients not listed here: Shrimp, Salt, Sodium Tripolyphosphate (to Retain Moisture).","Give me five succinct bullet points (no more than 12 words per bullet point) for Kroger® Large Raw Shrimp Shell-On. Use this info for writing the bullets: 0 Easy Peel. Don't mention any ingredients not mentioned here: Shrimp, Salt, Sodium Tripolyphosphate (to Retain Moisture)."
21,2,Kroger® Large Shell-On Raw Shrimp 32 oz. Bag,Kroger® Large Raw Shrimp Shell-On,00011110967008,Kroger,,Large,Raw,Shrimp,,Shell-On,0,,"Shrimp, Salt, Sodium Tripolyphosphate (to Retain Moisture).",Easy Peel,shrimp,"You are a world class marketing copywriter. Using 65 words or less, write a product description for a shrimp product. The product is Kroger® Large Raw Shrimp Shell-On. The target consumer is practical. Do not use words above a 8th grade education level. Use 65 words or less. Do not use an introductory sentence, but include the product name in the first sentence. Begin the first sentence with the product name. Do not embellish. Use national brand and other retailer private label product descriptions as reference. Mention suggestions for serving at occasions when possible. Use 4 sentences, the first sentence must begin with the product name. Do not mention ingredients not listed here: Shrimp, Salt, Sodium Tripolyphosphate (to Retain Moisture).","Give me five succinct bullet points (no more than 12 words per bullet point) for Kroger® Large Raw Shrimp Shell-On. Use this info for writing the bullets: 0 Easy Peel. Don't mention any ingredients not mentioned here: Shrimp, Salt, Sodium Tripolyphosphate (to Retain Moisture)."
22,2,Kroger® Low Country Inspired Shrimp Boil 18 oz. Box,Kroger® Low Country Inspired Shrimp Boil,00011110221155,Kroger,,Low Country Inspired,,Shrimp Boil,,,"A true southern gem, when it's Low Country time it's good-food meets good-fun time. A Low Country Boil mingles together in one pot bringing all those great flavors to every bite.",,"Shrimp (Shrimp, Water, Salt, Sodium Tripolyphosphate [to Retain Moisture]), Roasted Potatoes (Red Skinned Potatoes, Dextrose), Corn, Caramelized Onion Strips (Onion, Canola Oil), Andouille Sausage (Pork, Beef, Water, Seasoning [Salt, Sugar, Spices, Garlic Powder, Paprika, Sodium Erythorbate], Sodium Nitrite), Shrimp Boil Butter Blend (Butter [Cream, Salt], Salt, Spices, Dehydrated Onion, Corn Syrup Solids, Contains 2% or Less of, Garlic Powder, Lemon Juice and Natural Flavors).","One Step Cooking,Microwavable",shrimp,"You are a world class marketing copywriter. Using 65 words or less, write a product description for a shrimp product. The product is Kroger® Low Country Inspired Shrimp Boil. The target consumer is practical. Do not use words above a 8th grade education level. Use 65 words or less. Do not use an introductory sentence, but include the product name in the first sentence. Begin the first sentence with the product name. Do not embellish. Use national brand and other retailer private label product descriptions as reference. Mention suggestions for serving at occasions when possible. Use 4 sentences, the first sentence must begin with the product name. Do not mention ingredients not listed here: Shrimp (Shrimp, Water, Salt, Sodium Tripolyphosphate [to Retain Moisture]), Roasted Potatoes (Red Skinned Potatoes, Dextrose), Corn, Caramelized Onion Strips (Onion, Canola Oil), Andouille Sausage (Pork, Beef, Water, Seasoning [Salt, Sugar, Spices, Garlic Powder, Paprika, Sodium Erythorbate], Sodium Nitrite), Shrimp Boil Butter Blend (Butter [Cream, Salt], Salt, Spices, Dehydrated Onion, Corn Syrup Solids, Contains 2% or Less of, Garlic Powder, Lemon Juice and Natural Flavors). Use this marketing message for reference: A true southern gem, when it's Low Country time it's good-food meets good-fun time. A Low Country Boil mingles together in one pot bringing all those great flavors to every bite.","Give me five succinct bullet points (no more than 12 words per bullet point) for Kroger® Low Country Inspired Shrimp Boil. Use this info for writing the bullets: A true southern gem, when it's Low Country time it's good-food meets good-fun time. A Low Country Boil mingles together in one pot bringing all those great flavors to every bite. One Step Cooking,Microwavable. Don't mention any ingredients not mentioned here: Shrimp (Shrimp, Water, Salt, Sodium Tripolyphosphate [to Retain Moisture]), Roasted Potatoes (Red Skinned Potatoes, Dextrose), Corn, Caramelized Onion Strips (Onion, Canola Oil), Andouille Sausage (Pork, Beef, Water, Seasoning [Salt, Sugar, Spices, Garlic Powder, Paprika, Sodium Erythorbate], Sodium Nitrite), Shrimp Boil Butter Blend (Butter [Cream, Salt], Salt, Spices, Dehydrated Onion, Corn Syrup Solids, Contains 2% or Less of, Garlic Powder, Lemon Juice and Natural Flavors)."
23,2,Kroger® Medium Tail-On Peeled & Deveined Cooked Shrimp 16 oz. Bag,Kroger® Medium Peeled & Deveined Cooked Shrimp Tail-On,00011110963895,Kroger,,Medium Peeled & Deveined,Cooked,Shrimp,,Tail-On,0,,"Shrimp, Salt, Sodium Tripolyphosphate (to Retain Moisture).",,shrimp,"You are a world class marketing copywriter. Using 65 words or less, write a product description for a shrimp product. The product is Kroger® Medium Peeled & Deveined Cooked Shrimp Tail-On. The target consumer is practical. Do not use words above a 8th grade education level. Use 65 words or less. Do not use an introductory sentence, but include the product name in the first sentence. Begin the first sentence with the product name. Do not embellish. Use national brand and other retailer private label product descriptions as reference. Mention suggestions for serving at occasions when possible. Use 4 sentences, the first sentence must begin with the product name. Do not mention ingredients not listed here: Shrimp, Salt, Sodium Tripolyphosphate (to Retain Moisture).","Give me five succinct bullet points (no more than 12 words per bullet point) for Kroger® Medium Peeled & Deveined Cooked Shrimp Tail-On. Use this info for writing the bullets: 0 . Don't mention any ingredients not mentioned here: Shrimp, Salt, Sodium Tripolyphosphate (to Retain Moisture)."
24,2,Kroger® Medium Tail-On Peeled & Deveined Cooked Shrimp 32 oz. Bag,Kroger® Medium Peeled & Deveined Cooked Shrimp Tail-On,00011110967015,Kroger,,Medium Peeled & Deveined,Cooked,Shrimp,,Tail-On,0,,"Shrimp, Salt, Sodium Tripolyphosphate (to Retain Moisture).",,shrimp,"You are a world class marketing copywriter. Using 65 words or less, write a product description for a shrimp product. The product is Kroger® Medium Peeled & Deveined Cooked Shrimp Tail-On. The target consumer is practical. Do not use words above a 8th grade education level. Use 65 words or less. Do not use an introductory sentence, but include the product name in the first sentence. Begin the first sentence with the product name. Do not embellish. Use national brand and other retailer private label product descriptions as reference. Mention suggestions for serving at occasions when possible. Use 4 sentences, the first sentence must begin with the product name. Do not mention ingredients not listed here: Shrimp, Salt, Sodium Tripolyphosphate (to Retain Moisture).","Give me five succinct bullet points (no more than 12 words per bullet point) for Kroger® Medium Peeled & Deveined Cooked Shrimp Tail-On. Use this info for writing the bullets: 0 . Don't mention any ingredients not mentioned here: Shrimp, Salt, Sodium Tripolyphosphate (to Retain Moisture)."
25,2,Kroger® Medium Shell-On Raw Shrimp 16 oz. Bag,Kroger® Medium Raw Shrimp Shell-On,00011110966056,Kroger,,Medium,Raw,Shrimp,,Shell-On,0,,"Shrimp, Salt, Sodium Tripolyphosphate (to Retain Moisture).",Easy Peel,shrimp,"You are a world class marketing copywriter. Using 65 words or less, write a product description for a shrimp product. The product is Kroger® Medium Raw Shrimp Shell-On. The target consumer is practical. Do not use words above a 8th grade education level. Use 65 words or less. Do not use an introductory sentence, but include the product name in the first sentence. Begin the first sentence with the product name. Do not embellish. Use national brand and other retailer private label product descriptions as reference. Mention suggestions for serving at occasions when possible. Use 4 sentences, the first sentence must begin with the product name. Do not mention ingredients not listed here: Shrimp, Salt, Sodium Tripolyphosphate (to Retain Moisture).","Give me five succinct bullet points (no more than 12 words per bullet point) for Kroger® Medium Raw Shrimp Shell-On. Use this info for writing the bullets: 0 Easy Peel. Don't mention any ingredients not mentioned here: Shrimp, Salt, Sodium Tripolyphosphate (to Retain Moisture)."
26,2,Kroger® Cooked & Peeled Salad Shrimp 12 oz. Bag,Kroger® Peeled Cooked Salad Shrimp,00011110964212,Kroger,,Peeled,Cooked,Salad Shrimp,,,0,,"Shrimp (Pandalus Jordani), Salt.",Resealable to Lock in Freshness,shrimp,"You are a world class marketing copywriter. Using 65 words or less, write a product description for a shrimp product. The product is Kroger® Peeled Cooked Salad Shrimp. The target consumer is practical. Do not use words above a 8th grade education level. Use 65 words or less. Do not use an introductory sentence, but include the product name in the first sentence. Begin the first sentence with the product name. Do not embellish. Use national brand and other retailer private label product descriptions as reference. Mention suggestions for serving at occasions when possible. Use 4 sentences, the first sentence must begin with the product name. Do not mention ingredients not listed here: Shrimp (Pandalus Jordani), Salt.","Give me five succinct bullet points (no more than 12 words per bullet point) for Kroger® Peeled Cooked Salad Shrimp. Use this info for writing the bullets: 0 Resealable to Lock in Freshness. Don't mention any ingredients not mentioned here: Shrimp (Pandalus Jordani), Salt."
27,2,Kroger® Cooked & Peeled Salad Shrimp 4 oz. Bag,Kroger® Peeled Cooked Salad Shrimp,00011110964205,Kroger,,Peeled,Cooked,Salad Shrimp,,,0,,"Shrimp (Pandalus Jordani), Salt.",,shrimp,"You are a world class marketing copywriter. Using 65 words or less, write a product description for a shrimp product. The product is Kroger® Peeled Cooked Salad Shrimp. The target consumer is practical. Do not use words above a 8th grade education level. Use 65 words or less. Do not use an introductory sentence, but include the product name in the first sentence. Begin the first sentence with the product name. Do not embellish. Use national brand and other retailer private label product descriptions as reference. Mention suggestions for serving at occasions when possible. Use 4 sentences, the first sentence must begin with the product name. Do not mention ingredients not listed here: Shrimp (Pandalus Jordani), Salt.","Give me five succinct bullet points (no more than 12 words per bullet point) for Kroger® Peeled Cooked Salad Shrimp. Use this info for writing the bullets: 0 . Don't mention any ingredients not mentioned here: Shrimp (Pandalus Jordani), Salt."
28,2,Kroger® Shrimp & Krab Bowl with Cocktail Sauce 15 oz,Kroger® Shrimp & Krab Bowl with Cocktail Sauce,00011110631893,Kroger,,,,Shrimp & Krab Bowl with Cocktail Sauce,,,"Shrimp & surimi snow legs.
Ready to eat.",,"Surimi: Surimi Fish Meat (Wild Caught Cutlass Fish and Wild Caught Threadfin Bream), Sugar, Egg White Powder, Sodium Tri Polyphosphate, Tetra Sodium Pyrophosphate, Water, Modified Tapioca Starch, Rice Wine (Rice Wine, Sugar Syrup, Water, Ethanol, Salt, Disodium Succinate, Disodium Guanylate, Disodium Inosinate), Sugar, Salt, Egg White Powder (Egg Solids, Citric Acid), Monosodium Glutamate, Calcium Carbonate, Crab Flavor (Water, Flavoring Preparation [Anchovy], Salt, Medium Chain Triglycerides [Coconut, Palm], Sunflower Oil, Sugar, Monosodium Glutamate, Ribonucleotides, Xanthan Gum, Potassium Sorbate), Wild Caught Skipjack (Skipjack Extract, Salt, Ethanol, Xanthan Gum), Corn Starch, Crab Extract (Water, Glycerol, Fructose Syrup, Salt, Shrimp Extract, Crab Extract, Sugar, Propylene Glycol, Monosodium Glutamate, Tapioca Starch, Disodium 5-Ribonucleotides, Citric Acid, Flavorings, Xanthan Gum, Potassium Sorbate), Lycopene (Color), Soy Lecithin, Paprika (Color). Shrimp: Farm Raised Shrimp, Water, Salt, Sodium Tripolyphosphate. Cocktail Sauce: Chili Sauce (Tomato Concentrate [Water, Tomato Paste], High Fructose Corn Syrup, Vinegar, Salt, Corn Syrup, Cane Sugar, Dried Onions, Garlic Powder, Spice, Natural Flavors), Horseradish (Fresh Ground Horseradish, Vinegar, Salt, Artificial Flavor), Worcestershire Sauce (Distilled White Vinegar, Water, Molasses, High Fructose Corn Syrup, Salt, Soy Sauce [Water, Salt, Hydrolyzed Soy Protein, Corn Syrup, Caramel Color], Natural Flavoring, Caramel Coloring, Anchovies, Polysorbate 80, Soy Flour, Garlic Extract), Lemon Juice (Filtered Water, Lemon Juice Concentrate, Sodium Bisulfite [Preservative], Sodium Benzoate [Preservative], Lemon Oil), Water, Xanthan Gum, Potassium Sorbate.",,shrimp,"You are a world class marketing copywriter. Using 65 words or less, write a product description for a shrimp product. The product is Kroger® Shrimp & Krab Bowl with Cocktail Sauce. The target consumer is practical. Do not use words above a 8th grade education level. Use 65 words or less. Do not use an introductory sentence, but include the product name in the first sentence. Begin the first sentence with the product name. Do not embellish. Use national brand and other retailer private label product descriptions as reference. Mention suggestions for serving at occasions when possible. Use 4 sentences, the first sentence must begin with the product name. Do not mention ingredients not listed here: Surimi: Surimi Fish Meat (Wild Caught Cutlass Fish and Wild Caught Threadfin Bream), Sugar, Egg White Powder, Sodium Tri Polyphosphate, Tetra Sodium Pyrophosphate, Water, Modified Tapioca Starch, Rice Wine (Rice Wine, Sugar Syrup, Water, Ethanol, Salt, Disodium Succinate, Disodium Guanylate, Disodium Inosinate), Sugar, Salt, Egg White Powder (Egg Solids, Citric Acid), Monosodium Glutamate, Calcium Carbonate, Crab Flavor (Water, Flavoring Preparation [Anchovy], Salt, Medium Chain Triglycerides [Coconut, Palm], Sunflower Oil, Sugar, Monosodium Glutamate, Ribonucleotides, Xanthan Gum, Potassium Sorbate), Wild Caught Skipjack (Skipjack Extract, Salt, Ethanol, Xanthan Gum), Corn Starch, Crab Extract (Water, Glycerol, Fructose Syrup, Salt, Shrimp Extract, Crab Extract, Sugar, Propylene Glycol, Monosodium Glutamate, Tapioca Starch, Disodium 5-Ribonucleotides, Citric Acid, Flavorings, Xanthan Gum, Potassium Sorbate), Lycopene (Color), Soy Lecithin, Paprika (Color). Shrimp: Farm Raised Shrimp, Water, Salt, Sodium Tripolyphosphate. Cocktail Sauce: Chili Sauce (Tomato Concentrate [Water, Tomato Paste], High Fructose Corn Syrup, Vinegar, Salt, Corn Syrup, Cane Sugar, Dried Onions, Garlic Powder, Spice, Natural Flavors), Horseradish (Fresh Ground Horseradish, Vinegar, Salt, Artificial Flavor), Worcestershire Sauce (Distilled White Vinegar, Water, Molasses, High Fructose Corn Syrup, Salt, Soy Sauce [Water, Salt, Hydrolyzed Soy Protein, Corn Syrup, Caramel Color], Natural Flavoring, Caramel Coloring, Anchovies, Polysorbate 80, Soy Flour, Garlic Extract), Lemon Juice (Filtered Water, Lemon Juice Concentrate, Sodium Bisulfite [Preservative], Sodium Benzoate [Preservative], Lemon Oil), Water, Xanthan Gum, Potassium Sorbate. Use this marketing message for reference: Shrimp & surimi snow legs.
Ready to eat.","Give me five succinct bullet points (no more than 12 words per bullet point) for Kroger® Shrimp & Krab Bowl with Cocktail Sauce. Use this info for writing the bullets: Shrimp & surimi snow legs.
Ready to eat. . Don't mention any ingredients not mentioned here: Surimi: Surimi Fish Meat (Wild Caught Cutlass Fish and Wild Caught Threadfin Bream), Sugar, Egg White Powder, Sodium Tri Polyphosphate, Tetra Sodium Pyrophosphate, Water, Modified Tapioca Starch, Rice Wine (Rice Wine, Sugar Syrup, Water, Ethanol, Salt, Disodium Succinate, Disodium Guanylate, Disodium Inosinate), Sugar, Salt, Egg White Powder (Egg Solids, Citric Acid), Monosodium Glutamate, Calcium Carbonate, Crab Flavor (Water, Flavoring Preparation [Anchovy], Salt, Medium Chain Triglycerides [Coconut, Palm], Sunflower Oil, Sugar, Monosodium Glutamate, Ribonucleotides, Xanthan Gum, Potassium Sorbate), Wild Caught Skipjack (Skipjack Extract, Salt, Ethanol, Xanthan Gum), Corn Starch, Crab Extract (Water, Glycerol, Fructose Syrup, Salt, Shrimp Extract, Crab Extract, Sugar, Propylene Glycol, Monosodium Glutamate, Tapioca Starch, Disodium 5-Ribonucleotides, Citric Acid, Flavorings, Xanthan Gum, Potassium Sorbate), Lycopene (Color), Soy Lecithin, Paprika (Color). Shrimp: Farm Raised Shrimp, Water, Salt, Sodium Tripolyphosphate. Cocktail Sauce: Chili Sauce (Tomato Concentrate [Water, Tomato Paste], High Fructose Corn Syrup, Vinegar, Salt, Corn Syrup, Cane Sugar, Dried Onions, Garlic Powder, Spice, Natural Flavors), Horseradish (Fresh Ground Horseradish, Vinegar, Salt, Artificial Flavor), Worcestershire Sauce (Distilled White Vinegar, Water, Molasses, High Fructose Corn Syrup, Salt, Soy Sauce [Water, Salt, Hydrolyzed Soy Protein, Corn Syrup, Caramel Color], Natural Flavoring, Caramel Coloring, Anchovies, Polysorbate 80, Soy Flour, Garlic Extract), Lemon Juice (Filtered Water, Lemon Juice Concentrate, Sodium Bisulfite [Preservative], Sodium Benzoate [Preservative], Lemon Oil), Water, Xanthan Gum, Potassium Sorbate."
